{
  "LeftWrist": {
    "LeftMiddleTip": [
      -0.07701312005519867,
      0.12736482918262482,
      4.1437237996433396e-07
    ],
    "LeftIndexTip": [
      -0.07096057385206223,
      0.12148524820804596,
      0.028098348528146744
    ],
    "LeftRingTip": [
      -0.0728975385427475,
      0.11613141000270844,
      -0.022562462836503983
    ],
    "LeftLittleTip": [
      -0.06432171911001205,
      0.09896968305110931,
      -0.041280269622802734
    ],
    "LeftThumbTip": [
      -0.07836728543043137,
      0.10971087217330933,
      0.026396935805678368
    ]
  },
  "RightWrist": {
    "RightMiddleTip": [
      0.07701323181390762,
      0.12736476957798004,
      2.668286924745189e-07
    ],
    "RightIndexTip": [
      0.0709603801369667,
      0.12148554623126984,
      0.0280983354896307
    ],
    "RightRingTip": [
      0.07289760559797287,
      0.11613152921199799,
      -0.0225625429302454
    ],
    "RightLittleTip": [
      0.06432186812162399,
      0.09896986186504364,
      -0.04128032550215721
    ],
    "RightThumbTip": [
      0.08962953835725784,
      0.09287369251251221,
      0.043233975768089294
    ]
  }
}